"PK!SN[Content_Types].xmlN0EHC-ݲ@5(`Ib/y=@j7bs=36kؘXJbSxfVK)<	uV""4>Z7""z)[уKRz";;;;
6@#W&9`ϻU1ѵLTE)N9;l01HO>4Q+(2wiɆ%?-27AzeCHr+;">(2~YD[2geϢԯyir#~>$1i8PDR""PK!U0#L_rels/.relsMO0HݐBKwAH!T~I$ݿ'TG~<!4";"#wqu*&rFqvGJy(v*K#FD.W	=ZMYbBS7ϛז";
"?9Lҙsbgٮ|l!USh9ibr:""y_dlD|-NR""42G%Z4˝y7	ëɂPKAxF%docProps/app.xmlSn!+VciUKT9rhUKv3ezQX@_롟_(ıXmUNf";;;;
wqlCD]fӒയT~}{Hzk9D2ERpX(9GBp`NQZ;;;;
Mc4x,+;WC}^YV׃?|XC+'E}hES7T|i|@o,?]fJ+tlEXȄ;"PCKe""f=h@5EzɊ/";;
"aZ^E={Þ2A|	[Bӎ\pYa(&9Rsy!YHhvיr56";-3Μ/YΏ=}XEp_jU:=XȄtrV;;;
k oH!Q9o OjQPK;;;;
!99[trash]/0000.datPK!p-xl/_rels/workbook.xml.relsj0E}=v;;;;
"ٔB!Ėf_@H6s$mw?NNCY_U}<b16wa""]H:]X:ȶp4i|[LK";<TZCϠ)$n4wo#9@iHP-%G=񒞅Vq^k=}<pG$ǲ8O<PK!m;;;
xl/styles.xmlT[k0~?8K451h{Ul9HJlȗĥcuwsSzJ\G!FLjE:**b>2R뎂s ޹fE-LR{OT#1V_a8'r{,DRxhRˆ:傻c,W;;;;
;;;;
"F3Z6xЙ^4](uK,	-H:(!a'V΢R'zT*/o@OT%$OK-A";;;;
vE%=[ý[M%{CןOr7c8,\BXŞ;;;;
Q(h;;;;
W0=L(N&H0OT0z<v@ޟN7jeyZqӊ;;;;
"Jr 	q[:B*0b+cs|@~F~g_03@f՞K8,]qNQAO	K5x}Ou>wS`0^pyq׋`vɒ`7A2^o62_}v/Lb6C-(Оr_cAqFlNb~Eśl}Ʉ{W""$Q4mLp5j";;;;
M/I|PKAxF:ݗc.xl/theme/theme1.xmlZK6W;~I~~n&AȑiYJ4Dz7F^;;;
H^;;;;
"CQ @{j7	_P-Qln$z-r~3i˃O\jbi`o¦ěAa\ o(p\an޼.b=~LGbO1{6c|ũ֥JT+x!Pfd4o|fkO'x4jP(aE>}'X.|<+ޥqhlӠhheUb$BWMB xe؂FRQmFx3˲Z";rzN=˂~-8@|CFR,L;;;
tJeŽzZ·NAlm/:C]|mYJʇNAlkvϪC ڡ;\kn3v-=m;;;
,1|ߤ@'23<'ExX-M v%cGd@:Z qx\*Vi˟T(egd!Z`y4p$24&#5;;;;
-͓o~27Ͽ˱3;;;;
/e0So幎Iq173>sGЮJJY!%`jI.+:Rco;"""y0_ҼGKoiL";;;
"GT./P-]+CG'{X`C#B8	1:?""ce(DFQ-*{T#L@riGH8ZIRSfs->۰hF1]/ȉ#XRNrZC9I	PdcBK9E~A~>$XԷ`M""vٲu3eWtr +R	x/R:@SBZ}n";;;;
mCKQd]r#ZG۷joꯝA/{^e) wA|, ;TJbE>WPLM+_G9ip;;;
@>;;;;
"T>_TNƮK	iX09 ZJtix\.,B G"",p#B}$yȧ8=5*U";;;;
"v""gĜu. r>RoCjCo߼R rI)[mI`,YuQjڞ";rz멢$<.wkJN&H-*A\fchhAS->RzyC^vY74. T/1sIȖβzYˬUmHh3;;;
">Ȣ\!:k^cG5s+y~}M9{+օEq'3AD]""oPL$^RU@vIjBwUWaeOOW<n .!2*c$lcflVD%L3=3tGzYFpݺMԎUOa	>RD~۔P";;;;
>, TTx.vFĮTH{v9;Z#?dR-{_/v҂р.h֋ܤ?wI03/̆9nNIS{nL0Xk85JKzIWCLuN\+^)ANMgkNGktH0.F[fd<̡Qp3Y7czpnIr<>0Hq6)^Xe>-m[RU*4vжjoKNYju lr;;;
]E[kYpI.D]_6COkA;;;;
j{PzF٭u;;;;
Zv9xfAg]Z~P+wVci4uRi[vo%\k`/&|mp?PKAxFrxl/workbook.xmlώ0@DUdHUݳcL?6DU}BXҴ{C03x%;")uG#)>b<Fwhagyr\y_	q⊺XE=,ힸrZs$0%";;;
{ܾaR02Q\bw@S=8EfT;;;;
;(F7{m,Ip}&7h%5Δ~(o(-/n<Y)$[h]M%1u!</r_me#$FIKy؞+);w[!+iFG*hӓЅ9|;Iq)'.LqL.?n.v]O9imcd)TO!A#Ww$gR?_5V{nY$H8&8vZ/'?8n&l>45PQ뷖_y;"BhYF7PKFFp|xl/worksheets/sheet1.xmln0{Bнӭ	z(0lLB$ѐyH{v7S>GYm^WϘXEQjRbW駟Ze؀>a֛Hi{DV\yXmrAFR"
"!!4ӥMY~2\ԳL1m-C3KwC>kRw|3olL-r5mZ|""%pJU㤉q*a[/miDJ@1?Уeld[Zkc\YMT-<Wt]BJcle7:|Թvʽ*XY70";;;;
wLP]j2wPK!ƷC]docProps/core.xmlQK0C{fsÅ=ķm&;;;;
"Ifon{d*NV:G$IQWBmWE3-XYi77W^mez	.";;;;
"$(79yo(Ǝ@1⦲[lf[4b	nG-[JP$!*wUN%фNql";"wu]'|ykWnn[`󾔠5|@hX2	XdJM6z0~VǧLtdFwȋ&\WP""3}!_PK-!SN[Content_Types].xmlPK-!U0#L_rels/.relsPK-!%docProps/app.xmlPK-";;;
!99}[trash]/0000.datPK-!p-xl/_rels/workbook.xml.relsPK-!m;;;;
"xl/styles.xmlPK-!:ݗc.	xl/theme/theme1.xmlPK-!rxl/workbook.xmlPK-!Fp|xl/worksheets/sheet1.xmlPK-!ƷC]docProps/core.xmlPK";;;;
;;;;
"|""Timestamp (S)"",""File Main Current (A)"",""File Main Voltage (V)"",""File Main Energy (J)"",""File UART (TXT)""";;;;
